ChestGirth(cm),HipsGirth(cm),WaistGirth(cm)
9.160733147320142,18.639361944678217,11.197523709393938
131.2602275937017,788.9513383511689,173.48918792213817
11.456885597478125,28.08827759673364,13.17152944506211
0.04277064024072774,0.09587242753525815,0.07399131777998913
22.05904591470399,20.89080659422432,21.37219100884024
