ChestGirth(cm),HipsGirth(cm),WaistGirth(cm)
4.58134782608696,18.57338295654946,2.919626252991454
37.617548930839035,789.0378493384226,24.412934452559853
6.133314677304519,28.089817538361167,4.940944692319461
0.725669969198591,0.09577328711290878,0.8696945352485927
7.035260677630999,20.892987683516008,3.8667202245309595
