ChestGirth(cm),HipsGirth(cm),WaistGirth(cm)
5.055463768115943,18.57338295654946,10.780443286908103
40.17012941545895,789.0378493384226,179.4569654177498
6.337990960506251,28.089817538361167,13.396154874356665
0.70705500084283,0.09577328711290878,0.04213795653782493
7.44478998145774,20.892987683516008,22.07296495616785
