ChestGirth(cm),HipsGirth(cm),WaistGirth(cm)
5.204420289855072,18.57338295654946,1.3252173913043477
45.455830026570034,789.0378493384226,20.19631304347826
6.742093890370412,28.089817538361167,4.494030823601264
0.6685084593305416,0.09577328711290878,0.8922009985112873
8.292813894728084,20.892987683516008,3.371578032751679
