ChestGirth(cm),HipsGirth(cm),WaistGirth(cm)
8.933511559755527,16.92464539810889,10.780443286908103
135.8460470589782,918.9636362964008,179.4569654177498
11.655301242738354,30.314413012565502,13.396154874356665
0.00932805743258347,-0.05311990902310093,0.04213795653782493
22.794782736483164,24.16863799850822,22.07296495616785
