ChestGirth(cm),HipsGirth(cm),WaistGirth(cm)
9.160725987491423,18.625218768797577,1.3252173913043477
131.26022760203378,788.955313504187,20.19631304347826
11.456885597841753,28.08834835842412,4.494030823601264
0.042770640179965125,0.09586787206361658,0.8922009985112873
22.059045916040766,20.890906814600434,3.371578032751679
