ChestGirth(cm),HipsGirth(cm),WaistGirth(cm)
9.160002814393252,18.625218768797577,11.193603043146494
131.26031428769775,788.955313504187,173.48944863303004
11.456889380966274,28.08834835842412,13.171539341816887
0.04277000801541586,0.09586787206361658,0.07398992622036338
22.059059823660853,20.890906814600434,21.372221623152004
