ChestGirth(cm),HipsGirth(cm),WaistGirth(cm)
1.4456521739130435,13.884347826086957,1.3252173913043477
12.944932608695652,563.2859260869565,20.19631304347826
3.597906698164316,23.733645444536254,4.494030823601264
0.9055976834696329,0.35448194052005266,0.8922009985112873
3.0768509636680768,15.20139730855884,3.371578032751679
