ChestGirth(cm),HipsGirth(cm),WaistGirth(cm)
1.4456521739130435,18.57338295654946,2.919626252991454
12.944932608695652,789.0378493384226,24.412934452559853
3.597906698164316,28.089817538361167,4.940944692319461
0.9055976834696329,0.09577328711290878,0.8696945352485927
3.0768509636680768,20.892987683516008,3.8667202245309595
