ChestGirth(cm),HipsGirth(cm),WaistGirth(cm)
1.4456521739130435,16.5531884057971,2.919626252991454
12.944932608695652,638.1500835748791,24.412934452559853
3.597906698164316,25.261632638744455,4.940944692319461
0.9055976834696329,0.26868862769592805,0.8696945352485927
3.0768509636680768,17.088850190689584,3.8667202245309595
