ChestGirth(cm),HipsGirth(cm),WaistGirth(cm)
9.160455527464377,18.57338295654946,11.194859537385028
131.2602401207372,789.0378493384226,173.48930830480214
11.456886144181464,28.089817538361167,13.171534014867142
0.04277054888597098,0.09577328711290878,0.07399067523048297
22.05904792450864,20.892987683516008,21.372205144929374
