ChestGirth(cm),HipsGirth(cm),WaistGirth(cm)
5.219206521739132,15.051,5.43247826086956
45.89511132699276,579.6514640843477,63.47765856521737
6.774593074642399,24.075951987083453,7.967286775635565
0.6653049530920834,0.3357272551264209,0.6611842866843695
8.363291031974166,15.614000387218741,8.453945692943872
