ChestGirth(cm),HipsGirth(cm),WaistGirth(cm)
9.160725987491423,18.635821945263647,11.19742124299851
131.26022760203378,788.9515873895858,173.4891881002129
11.456885597841753,28.08828202987121,13.171529451821945
0.042770640179965125,0.0958721421405977,0.07399131682950488
22.059045916040766,20.89081287290685,21.372191029750894
