ChestGirth(cm),HipsGirth(cm),WaistGirth(cm)
3.4087150413186453,14.083656543895234,2.919626252991454
20.874597949799682,565.5686731173952,24.412934452559853
4.568872721996059,23.781687768478402,4.940944692319461
0.8477697441408538,0.3518659432704694,0.8696945352485927
4.349065628901216,15.258949248049674,3.8667202245309595
