ChestGirth(cm),HipsGirth(cm),WaistGirth(cm)
9.160725987491423,18.57338295654946,1.3252173913043477
131.26022760203378,789.0378493384226,20.19631304347826
11.456885597841753,28.089817538361167,4.494030823601264
0.042770640179965125,0.09577328711290878,0.8922009985112873
22.059045916040766,20.892987683516008,3.371578032751679
